<?xml version="1.0" encoding="UTF-8"?>
<GenRun Id="impl_1" LaunchPart="xc7k70tfbv676-1" LaunchTime="1671795638">
  <File Type="ROUTE-PWR" Name="SEDE_power_routed.rpt"/>
  <File Type="PA-TCL" Name="SEDE.tcl"/>
  <File Type="BITSTR-MMI" Name="SEDE.mmi"/>
  <File Type="OPT-METHODOLOGY-DRC" Name="SEDE_methodology_drc_opted.rpt"/>
  <File Type="INIT-TIMING" Name="SEDE_timing_summary_init.rpt"/>
  <File Type="ROUTE-PWR-SUM" Name="SEDE_power_summary_routed.pb"/>
  <File Type="REPORTS-TCL" Name="SEDE_reports.tcl"/>
  <File Type="OPT-TIMING" Name="SEDE_timing_summary_opted.rpt"/>
  <File Type="OPT-DCP" Name="SEDE_opt.dcp"/>
  <File Type="OPT-DRC" Name="SEDE_drc_opted.rpt"/>
  <File Type="OPT-HWDEF" Name="SEDE.hwdef"/>
  <File Type="PWROPT-DCP" Name="SEDE_pwropt.dcp"/>
  <File Type="PWROPT-DRC" Name="SEDE_drc_pwropted.rpt"/>
  <File Type="PWROPT-TIMING" Name="SEDE_timing_summary_pwropted.rpt"/>
  <File Type="PLACE-DCP" Name="SEDE_placed.dcp"/>
  <File Type="PLACE-IO" Name="SEDE_io_placed.rpt"/>
  <File Type="PLACE-CLK" Name="SEDE_clock_utilization_placed.rpt"/>
  <File Type="PLACE-UTIL" Name="SEDE_utilization_placed.rpt"/>
  <File Type="PLACE-UTIL-PB" Name="SEDE_utilization_placed.pb"/>
  <File Type="PLACE-CTRL" Name="SEDE_control_sets_placed.rpt"/>
  <File Type="PLACE-SIMILARITY" Name="SEDE_incremental_reuse_placed.rpt"/>
  <File Type="PLACE-PRE-SIMILARITY" Name="SEDE_incremental_reuse_pre_placed.rpt"/>
  <File Type="BG-BIN" Name="SEDE.bin"/>
  <File Type="PLACE-TIMING" Name="SEDE_timing_summary_placed.rpt"/>
  <File Type="POSTPLACE-PWROPT-DCP" Name="SEDE_postplace_pwropt.dcp"/>
  <File Type="BITSTR-MSK" Name="SEDE.msk"/>
  <File Type="POSTPLACE-PWROPT-TIMING" Name="SEDE_timing_summary_postplace_pwropted.rpt"/>
  <File Type="PHYSOPT-DCP" Name="SEDE_physopt.dcp"/>
  <File Type="PHYSOPT-DRC" Name="SEDE_drc_physopted.rpt"/>
  <File Type="BITSTR-RBT" Name="SEDE.rbt"/>
  <File Type="PHYSOPT-TIMING" Name="SEDE_timing_summary_physopted.rpt"/>
  <File Type="ROUTE-ERROR-DCP" Name="SEDE_routed_error.dcp"/>
  <File Type="ROUTE-DCP" Name="SEDE_routed.dcp"/>
  <File Type="ROUTE-BLACKBOX-DCP" Name="SEDE_routed_bb.dcp"/>
  <File Type="ROUTE-DRC" Name="SEDE_drc_routed.rpt"/>
  <File Type="ROUTE-DRC-PB" Name="SEDE_drc_routed.pb"/>
  <File Type="ROUTE-DRC-RPX" Name="SEDE_drc_routed.rpx"/>
  <File Type="ROUTE-METHODOLOGY-DRC" Name="SEDE_methodology_drc_routed.rpt"/>
  <File Type="ROUTE-METHODOLOGY-DRC-RPX" Name="SEDE_methodology_drc_routed.rpx"/>
  <File Type="ROUTE-METHODOLOGY-DRC-PB" Name="SEDE_methodology_drc_routed.pb"/>
  <File Type="ROUTE-PWR-RPX" Name="SEDE_power_routed.rpx"/>
  <File Type="ROUTE-STATUS" Name="SEDE_route_status.rpt"/>
  <File Type="ROUTE-STATUS-PB" Name="SEDE_route_status.pb"/>
  <File Type="ROUTE-TIMINGSUMMARY" Name="SEDE_timing_summary_routed.rpt"/>
  <File Type="ROUTE-TIMING-PB" Name="SEDE_timing_summary_routed.pb"/>
  <File Type="ROUTE-TIMING-RPX" Name="SEDE_timing_summary_routed.rpx"/>
  <File Type="ROUTE-SIMILARITY" Name="SEDE_incremental_reuse_routed.rpt"/>
  <File Type="ROUTE-CLK" Name="SEDE_clock_utilization_routed.rpt"/>
  <File Type="ROUTE-BUS-SKEW" Name="SEDE_bus_skew_routed.rpt"/>
  <File Type="ROUTE-BUS-SKEW-PB" Name="SEDE_bus_skew_routed.pb"/>
  <File Type="ROUTE-BUS-SKEW-RPX" Name="SEDE_bus_skew_routed.rpx"/>
  <File Type="POSTROUTE-PHYSOPT-DCP" Name="SEDE_postroute_physopt.dcp"/>
  <File Type="POSTROUTE-PHYSOPT-BLACKBOX-DCP" Name="SEDE_postroute_physopt_bb.dcp"/>
  <File Type="POSTROUTE-PHYSOPT-TIMING" Name="SEDE_timing_summary_postroute_physopted.rpt"/>
  <File Type="POSTROUTE-PHYSOPT-TIMING-PB" Name="SEDE_timing_summary_postroute_physopted.pb"/>
  <File Type="POSTROUTE-PHYSOPT-TIMING-RPX" Name="SEDE_timing_summary_postroute_physopted.rpx"/>
  <File Type="POSTROUTE-PHYSOPT-BUS-SKEW" Name="SEDE_bus_skew_postroute_physopted.rpt"/>
  <File Type="BG-BIT" Name="SEDE.bit"/>
  <File Type="POSTROUTE-PHYSOPT-BUS-SKEW-PB" Name="SEDE_bus_skew_postroute_physopted.pb"/>
  <File Type="POSTROUTE-PHYSOPT-BUS-SKEW-RPX" Name="SEDE_bus_skew_postroute_physopted.rpx"/>
  <File Type="BITSTR-NKY" Name="SEDE.nky"/>
  <File Type="BITSTR-BMM" Name="SEDE_bd.bmm"/>
  <File Type="PDI-FILE" Name="SEDE.pdi"/>
  <File Type="RCFI_FILE" Name="SEDE.rcfi"/>
  <File Type="CFI_FILE" Name="SEDE.cfi"/>
  <File Type="RNPI_FILE" Name="SEDE.rnpi"/>
  <File Type="NPI_FILE" Name="SEDE.npi"/>
  <File Type="RBD_FILE" Name="SEDE.rbd"/>
  <File Type="BITSTR-LTX" Name="debug_nets.ltx"/>
  <File Type="BITSTR-LTX" Name="SEDE.ltx"/>
  <File Type="BITSTR-SYSDEF" Name="SEDE.sysdef"/>
  <File Type="BG-BGN" Name="SEDE.bgn"/>
  <File Type="BG-DRC" Name="SEDE.drc"/>
  <File Type="RDI-RDI" Name="SEDE.vdi"/>
  <File Type="WBT-USG" Name="usage_statistics_webtalk.html"/>
  <FileSet Name="sources" Type="DesignSrcs" RelSrcDir="$PSRCDIR/sources_1" RelGenDir="$PGENDIR/sources_1">
    <Filter Type="Srcs"/>
    <File Path="$PPRDIR/../SEDE.v">
      <FileInfo>
        <Attr Name="UsedIn" Val="synthesis"/>
        <Attr Name="UsedIn" Val="implementation"/>
        <Attr Name="UsedIn" Val="simulation"/>
      </FileInfo>
    </File>
    <Config>
      <Option Name="DesignMode" Val="RTL"/>
      <Option Name="TopModule" Val="SEDE"/>
      <Option Name="TopAutoSet" Val="TRUE"/>
    </Config>
  </FileSet>
  <FileSet Name="constrs_in" Type="Constrs" RelSrcDir="$PSRCDIR/constrs_1">
    <Filter Type="Constrs"/>
    <Config>
      <Option Name="ConstrsType" Val="XDC"/>
    </Config>
  </FileSet>
  <FileSet Name="utils" Type="Utils" RelSrcDir="$PSRCDIR/utils_1">
    <Filter Type="Utils"/>
    <Config>
      <Option Name="TopAutoSet" Val="TRUE"/>
    </Config>
  </FileSet>
  <Strategy Version="1" Minor="2">
    <StratHandle Name="Vivado Implementation Defaults" Flow="Vivado Implementation 2021">
      <Desc>Default settings for Implementation.</Desc>
    </StratHandle>
    <Step Id="init_design"/>
    <Step Id="opt_design"/>
    <Step Id="power_opt_design"/>
    <Step Id="place_design"/>
    <Step Id="post_place_power_opt_design"/>
    <Step Id="phys_opt_design"/>
    <Step Id="route_design"/>
    <Step Id="post_route_phys_opt_design"/>
    <Step Id="write_bitstream"/>
  </Strategy>
</GenRun>
