<?xml version="1.0" encoding="UTF-8"?>
<GenRun Id="impl_1" LaunchPart="xc7k70tfbv676-1" LaunchTime="1671680236">
  <File Type="ROUTE-PWR" Name="EGD_power_routed.rpt"/>
  <File Type="PA-TCL" Name="EGD.tcl"/>
  <File Type="BITSTR-MMI" Name="EGD.mmi"/>
  <File Type="OPT-METHODOLOGY-DRC" Name="EGD_methodology_drc_opted.rpt"/>
  <File Type="INIT-TIMING" Name="EGD_timing_summary_init.rpt"/>
  <File Type="ROUTE-PWR-SUM" Name="EGD_power_summary_routed.pb"/>
  <File Type="REPORTS-TCL" Name="EGD_reports.tcl"/>
  <File Type="OPT-TIMING" Name="EGD_timing_summary_opted.rpt"/>
  <File Type="OPT-DCP" Name="EGD_opt.dcp"/>
  <File Type="OPT-DRC" Name="EGD_drc_opted.rpt"/>
  <File Type="OPT-HWDEF" Name="EGD.hwdef"/>
  <File Type="PWROPT-DCP" Name="EGD_pwropt.dcp"/>
  <File Type="PWROPT-DRC" Name="EGD_drc_pwropted.rpt"/>
  <File Type="PWROPT-TIMING" Name="EGD_timing_summary_pwropted.rpt"/>
  <File Type="PLACE-DCP" Name="EGD_placed.dcp"/>
  <File Type="PLACE-IO" Name="EGD_io_placed.rpt"/>
  <File Type="PLACE-CLK" Name="EGD_clock_utilization_placed.rpt"/>
  <File Type="PLACE-UTIL" Name="EGD_utilization_placed.rpt"/>
  <File Type="PLACE-UTIL-PB" Name="EGD_utilization_placed.pb"/>
  <File Type="PLACE-CTRL" Name="EGD_control_sets_placed.rpt"/>
  <File Type="PLACE-SIMILARITY" Name="EGD_incremental_reuse_placed.rpt"/>
  <File Type="PLACE-PRE-SIMILARITY" Name="EGD_incremental_reuse_pre_placed.rpt"/>
  <File Type="BG-BIN" Name="EGD.bin"/>
  <File Type="PLACE-TIMING" Name="EGD_timing_summary_placed.rpt"/>
  <File Type="POSTPLACE-PWROPT-DCP" Name="EGD_postplace_pwropt.dcp"/>
  <File Type="BITSTR-MSK" Name="EGD.msk"/>
  <File Type="POSTPLACE-PWROPT-TIMING" Name="EGD_timing_summary_postplace_pwropted.rpt"/>
  <File Type="PHYSOPT-DCP" Name="EGD_physopt.dcp"/>
  <File Type="PHYSOPT-DRC" Name="EGD_drc_physopted.rpt"/>
  <File Type="BITSTR-RBT" Name="EGD.rbt"/>
  <File Type="PHYSOPT-TIMING" Name="EGD_timing_summary_physopted.rpt"/>
  <File Type="ROUTE-ERROR-DCP" Name="EGD_routed_error.dcp"/>
  <File Type="ROUTE-DCP" Name="EGD_routed.dcp"/>
  <File Type="ROUTE-BLACKBOX-DCP" Name="EGD_routed_bb.dcp"/>
  <File Type="ROUTE-DRC" Name="EGD_drc_routed.rpt"/>
  <File Type="ROUTE-DRC-PB" Name="EGD_drc_routed.pb"/>
  <File Type="ROUTE-DRC-RPX" Name="EGD_drc_routed.rpx"/>
  <File Type="ROUTE-METHODOLOGY-DRC" Name="EGD_methodology_drc_routed.rpt"/>
  <File Type="ROUTE-METHODOLOGY-DRC-RPX" Name="EGD_methodology_drc_routed.rpx"/>
  <File Type="ROUTE-METHODOLOGY-DRC-PB" Name="EGD_methodology_drc_routed.pb"/>
  <File Type="ROUTE-PWR-RPX" Name="EGD_power_routed.rpx"/>
  <File Type="ROUTE-STATUS" Name="EGD_route_status.rpt"/>
  <File Type="ROUTE-STATUS-PB" Name="EGD_route_status.pb"/>
  <File Type="ROUTE-TIMINGSUMMARY" Name="EGD_timing_summary_routed.rpt"/>
  <File Type="ROUTE-TIMING-PB" Name="EGD_timing_summary_routed.pb"/>
  <File Type="ROUTE-TIMING-RPX" Name="EGD_timing_summary_routed.rpx"/>
  <File Type="ROUTE-SIMILARITY" Name="EGD_incremental_reuse_routed.rpt"/>
  <File Type="ROUTE-CLK" Name="EGD_clock_utilization_routed.rpt"/>
  <File Type="ROUTE-BUS-SKEW" Name="EGD_bus_skew_routed.rpt"/>
  <File Type="ROUTE-BUS-SKEW-PB" Name="EGD_bus_skew_routed.pb"/>
  <File Type="ROUTE-BUS-SKEW-RPX" Name="EGD_bus_skew_routed.rpx"/>
  <File Type="POSTROUTE-PHYSOPT-DCP" Name="EGD_postroute_physopt.dcp"/>
  <File Type="POSTROUTE-PHYSOPT-BLACKBOX-DCP" Name="EGD_postroute_physopt_bb.dcp"/>
  <File Type="POSTROUTE-PHYSOPT-TIMING" Name="EGD_timing_summary_postroute_physopted.rpt"/>
  <File Type="POSTROUTE-PHYSOPT-TIMING-PB" Name="EGD_timing_summary_postroute_physopted.pb"/>
  <File Type="POSTROUTE-PHYSOPT-TIMING-RPX" Name="EGD_timing_summary_postroute_physopted.rpx"/>
  <File Type="POSTROUTE-PHYSOPT-BUS-SKEW" Name="EGD_bus_skew_postroute_physopted.rpt"/>
  <File Type="BG-BIT" Name="EGD.bit"/>
  <File Type="POSTROUTE-PHYSOPT-BUS-SKEW-PB" Name="EGD_bus_skew_postroute_physopted.pb"/>
  <File Type="POSTROUTE-PHYSOPT-BUS-SKEW-RPX" Name="EGD_bus_skew_postroute_physopted.rpx"/>
  <File Type="BITSTR-NKY" Name="EGD.nky"/>
  <File Type="BITSTR-BMM" Name="EGD_bd.bmm"/>
  <File Type="PDI-FILE" Name="EGD.pdi"/>
  <File Type="RCFI_FILE" Name="EGD.rcfi"/>
  <File Type="CFI_FILE" Name="EGD.cfi"/>
  <File Type="RNPI_FILE" Name="EGD.rnpi"/>
  <File Type="NPI_FILE" Name="EGD.npi"/>
  <File Type="RBD_FILE" Name="EGD.rbd"/>
  <File Type="BITSTR-LTX" Name="debug_nets.ltx"/>
  <File Type="BITSTR-LTX" Name="EGD.ltx"/>
  <File Type="BITSTR-SYSDEF" Name="EGD.sysdef"/>
  <File Type="BG-BGN" Name="EGD.bgn"/>
  <File Type="BG-DRC" Name="EGD.drc"/>
  <File Type="RDI-RDI" Name="EGD.vdi"/>
  <File Type="WBT-USG" Name="usage_statistics_webtalk.html"/>
  <FileSet Name="sources" Type="DesignSrcs" RelSrcDir="$PSRCDIR/sources_1" RelGenDir="$PGENDIR/sources_1">
    <Filter Type="Srcs"/>
    <File Path="$PPRDIR/../EGD.v">
      <FileInfo>
        <Attr Name="UsedIn" Val="synthesis"/>
        <Attr Name="UsedIn" Val="implementation"/>
        <Attr Name="UsedIn" Val="simulation"/>
      </FileInfo>
    </File>
    <Config>
      <Option Name="DesignMode" Val="RTL"/>
      <Option Name="TopModule" Val="EGD"/>
      <Option Name="TopAutoSet" Val="TRUE"/>
    </Config>
  </FileSet>
  <FileSet Name="constrs_in" Type="Constrs" RelSrcDir="$PSRCDIR/constrs_1">
    <Filter Type="Constrs"/>
    <Config>
      <Option Name="ConstrsType" Val="XDC"/>
    </Config>
  </FileSet>
  <FileSet Name="utils" Type="Utils" RelSrcDir="$PSRCDIR/utils_1">
    <Filter Type="Utils"/>
    <Config>
      <Option Name="TopAutoSet" Val="TRUE"/>
    </Config>
  </FileSet>
  <Strategy Version="1" Minor="2">
    <StratHandle Name="Vivado Implementation Defaults" Flow="Vivado Implementation 2021">
      <Desc>Default settings for Implementation.</Desc>
    </StratHandle>
    <Step Id="init_design"/>
    <Step Id="opt_design"/>
    <Step Id="power_opt_design"/>
    <Step Id="place_design"/>
    <Step Id="post_place_power_opt_design"/>
    <Step Id="phys_opt_design"/>
    <Step Id="route_design"/>
    <Step Id="post_route_phys_opt_design"/>
    <Step Id="write_bitstream"/>
  </Strategy>
</GenRun>
